{"recon_loss": 9.426079750061035, "_timestamp": 1700587632.5613022, "_runtime": 94.29925012588501, "_step": 4719, "sparsity_loss": 0.001087382435798645, "gen_loss": 0.8215274214744568, "original_prob": 0.9229567646980286, "sum_prob": 0.12893368303775787, "_wandb": {"runtime": 93}}