{"recon_loss": 14.348584175109863, "_timestamp": 1700587524.0937128, "_runtime": 376.59361577033997, "_step": 19999, "sparsity_loss": 0.015917986631393433, "gen_loss": 0.9719832539558411, "original_prob": 0.9174889326095581, "sum_prob": 0.013909323140978813, "_wandb": {"runtime": 375}}