{"recon_loss": 1.2686010599136353, "_timestamp": 1700586891.3058758, "_runtime": 16.621264696121216, "_step": 484, "sparsity_loss": 0.003101944923400879, "gen_loss": 0.21892274916172028, "original_prob": 0.5314278602600098, "sum_prob": 0.5308981537818909, "_wandb": {"runtime": 15}}